user_id,user_pw,user_nickname
1,1,사용자1
2,2,사용자2
3,3,사용자3
4,4,사용자4
5,5,사용자5
6,6,사용자6
7,7,사용자7
8,8,사용자8
9,9,사용자9
10,10,사용자10
11,11,사용자11
12,12,사용자12
13,13,사용자13
14,14,사용자14
15,15,사용자15
16,16,사용자16
17,17,사용자17
18,18,사용자18
19,19,사용자19
20,20,사용자20
21,21,사용자21
22,22,사용자22
23,23,사용자23
24,24,사용자24
25,25,사용자25
26,26,사용자26
27,27,사용자27
28,28,사용자28
29,29,사용자29
30,30,사용자30
31,31,사용자31
32,32,사용자32
33,33,사용자33
34,34,사용자34
35,35,사용자35
36,36,사용자36
37,37,사용자37
38,38,사용자38
39,39,사용자39
40,40,사용자40
41,41,사용자41
42,42,사용자42
43,43,사용자43
44,44,사용자44
45,45,사용자45
46,46,사용자46
47,47,사용자47
48,48,사용자48
49,49,사용자49
50,50,사용자50
